,value,geometry,lon,lat
0,35.0,POINT (659212.047762564 5601525.21911721),659212.048,5601525.219
1,37.0,POINT (659403.3807599586 5601433.781932044),659403.381,5601433.782
2,32.0,POINT (659983.2195152061 5601355.48316497),659983.22,5601355.483
3,9.0,POINT (657502.3390898606 5601297.44114016),657502.339,5601297.441
4,38.0,POINT (645413.8458395356 5601134.660417191),645413.846,5601134.66
5,38.0,POINT (658398.3008663369 5601113.37351233),658398.301,5601113.374
6,30.0,POINT (643416.1257551047 5600998.272413583),643416.126,5600998.272
7,38.0,POINT (644296.1211083223 5601024.535317032),644296.121,5601024.535
8,35.0,POINT (657615.6539398585 5601364.467867474),657615.654,5601364.468
9,35.0,POINT (657745.5652447169 5601290.730533149),657745.565,5601290.731
10,20.0,POINT (659530.5861243352 5601006.578126657),659530.586,5601006.578
11,39.0,POINT (637541.4066938346 5600937.867796822),637541.407,5600937.868
12,38.0,POINT (654345.9735254593 5600910.405068316),654345.974,5600910.405
13,37.0,POINT (657519.5760599618 5600864.057136963),657519.576,5600864.057
14,38.0,POINT (659324.5717841003 5600794.554541848),659324.572,5600794.555
15,38.0,POINT (659560.5251380733 5600820.289112303),659560.525,5600820.289
16,33.0,POINT (660975.1762134249 5600813.481105054),660975.176,5600813.481
17,38.0,POINT (659107.6632786224 5601209.702043996),659107.663,5601209.702
18,40.0,POINT (648276.2014215803 5600765.611547496),648276.201,5600765.612
19,40.0,POINT (639739.1088953778 5600650.95149484),639739.109,5600650.951
20,38.0,POINT (650637.9624902067 5600670.324149603),650637.962,5600670.324
21,35.0,POINT (657303.4650717324 5600667.654513523),657303.465,5600667.655
22,40.0,POINT (646859.1451003507 5600635.044631177),646859.145,5600635.045
23,38.0,POINT (647230.0404186865 5600599.377663684),647230.04,5600599.378
24,38.0,POINT (645287.4955284478 5600493.562829563),645287.496,5600493.563
25,40.0,POINT (654629.7488221526 5600443.279491529),654629.749,5600443.279
26,38.0,POINT (645370.0998155606 5600419.040809545),645370.1,5600419.041
27,38.0,POINT (646874.6256185611 5600475.806295732),646874.626,5600475.806
28,38.0,POINT (661428.8640805663 5600384.254624358),661428.864,5600384.255
29,35.0,POINT (654392.6350289389 5600249.37189388),654392.635,5600249.372
30,38.0,POINT (655248.8790659634 5600217.897881662),655248.879,5600217.898
31,38.0,POINT (656839.856678492 5599988.411003802),656839.857,5599988.411
32,33.0,POINT (654592.961235062 5599944.419184159),654592.961,5599944.419
33,26.0,POINT (637666.3945960774 5599825.492149647),637666.395,5599825.492
34,35.0,POINT (637606.5492241398 5599800.486263039),637606.549,5599800.486
35,38.0,POINT (646177.3803671862 5599802.552089985),646177.38,5599802.552
36,38.0,POINT (644268.4602020722 5599939.013780378),644268.46,5599939.014
37,38.0,POINT (646789.8487504059 5599779.761881338),646789.849,5599779.762
38,37.0,POINT (661165.9433108742 5599793.077989381),661165.943,5599793.078
39,38.0,POINT (659415.2809857912 5599719.029196445),659415.281,5599719.029
40,38.0,POINT (643175.2691379187 5599746.991255951),643175.269,5599746.991
41,37.0,POINT (651653.3834257247 5599545.009292581),651653.383,5599545.009
42,38.0,POINT (661485.3100874375 5599848.309538323),661485.31,5599848.31
43,39.0,POINT (651120.736230521 5599534.472731181),651120.736,5599534.473
44,38.0,POINT (643079.3443570492 5599494.953720181),643079.344,5599494.954
45,27.0,POINT (651682.8526417942 5599514.767549753),651682.853,5599514.768
46,39.0,POINT (637559.6051149674 5599464.637986662),637559.605,5599464.638
47,40.0,POINT (645388.4346257503 5599548.403629855),645388.435,5599548.404
48,40.0,POINT (638144.0545608696 5599521.301197575),638144.055,5599521.301
49,40.0,POINT (637515.590042312 5599424.8408846),637515.59,5599424.841
50,35.0,POINT (653561.2068701494 5599414.183352786),653561.207,5599414.183
51,38.0,POINT (656562.6240450735 5599440.299815052),656562.624,5599440.3
52,38.0,POINT (640952.4678084259 5599574.714493954),640952.468,5599574.714
53,38.0,POINT (659030.5686858671 5599199.534303876),659030.569,5599199.534
54,38.0,POINT (640632.0375597961 5599156.381857631),640632.038,5599156.382
55,38.0,POINT (646288.7820996674 5599043.80849693),646288.782,5599043.808
56,38.0,POINT (644009.8164839399 5599158.615620115),644009.816,5599158.616
57,38.0,POINT (640329.3357352098 5599104.552936156),640329.336,5599104.553
58,40.0,POINT (651582.9683530841 5599117.839223158),651582.968,5599117.839
59,39.0,POINT (641171.922562329 5599065.226628943),641171.923,5599065.227
60,35.0,POINT (644210.388632584 5599052.34693692),644210.389,5599052.347
61,39.0,POINT (639608.6179202063 5599028.840737728),639608.618,5599028.841
62,33.0,POINT (659582.3090811718 5598983.572158539),659582.309,5598983.572
63,35.0,POINT (659109.4910738246 5598991.522700843),659109.491,5598991.523
64,38.0,POINT (660763.0620798121 5599008.398800489),660763.062,5599008.399
65,39.0,POINT (639207.6785327411 5598930.831510566),639207.679,5598930.832
66,36.0,POINT (641088.1857094226 5598869.434146349),641088.186,5598869.434
67,31.0,POINT (653944.9496967485 5599302.892447217),653944.95,5599302.892
68,38.0,POINT (656949.9342359662 5598830.602355137),656949.934,5598830.602
69,38.0,POINT (646239.6821915074 5598865.872044158),646239.682,5598865.872
70,40.0,POINT (649336.0402433785 5598772.193705804),649336.04,5598772.194
71,38.0,POINT (655871.6992611999 5598782.924980846),655871.699,5598782.925
72,38.0,POINT (649254.1067741275 5598784.484733138),649254.107,5598784.485
73,37.0,POINT (655891.7071996181 5598672.686759858),655891.707,5598672.687
74,40.0,POINT (659017.0773534321 5598710.288434453),659017.077,5598710.288
75,37.0,POINT (642580.7593194441 5598650.988095842),642580.759,5598650.988
76,38.0,POINT (641865.0807215478 5598662.834237965),641865.081,5598662.834
77,40.0,POINT (642818.6718719872 5598592.427512143),642818.672,5598592.428
78,38.0,POINT (640413.5381819449 5598521.431454325),640413.538,5598521.431
79,39.0,POINT (645096.813835295 5598579.275358612),645096.814,5598579.275
80,38.0,POINT (643869.0452627176 5598723.08054518),643869.045,5598723.081
81,25.0,POINT (660250.9522958172 5598546.149690941),660250.952,5598546.15
82,31.0,POINT (643905.2359596721 5598512.436155302),643905.236,5598512.436
83,38.0,POINT (643683.5742056189 5598470.789161572),643683.574,5598470.789
84,38.0,POINT (657723.1095360817 5598459.333887293),657723.11,5598459.334
85,38.0,POINT (660477.5495713421 5598606.412196979),660477.55,5598606.412
86,38.0,POINT (642488.1313540132 5598523.932250662),642488.131,5598523.932
87,39.0,POINT (651018.5667527665 5598423.664451893),651018.567,5598423.664
88,33.0,POINT (643660.953947378 5598385.780791926),643660.954,5598385.781
89,40.0,POINT (644577.254377458 5598348.880892685),644577.254,5598348.881
90,38.0,POINT (641069.7386694455 5598264.238424683),641069.739,5598264.238
91,35.0,POINT (652538.2589832438 5598177.832640656),652538.259,5598177.833
92,37.0,POINT (659888.9617612433 5598184.993620229),659888.962,5598184.994
93,27.0,POINT (659162.4228967255 5597985.163672215),659162.423,5597985.164
94,17.0,POINT (659424.7523696935 5598011.174913223),659424.752,5598011.175
95,39.0,POINT (640171.4055575009 5597933.005088121),640171.406,5597933.005
96,37.0,POINT (660805.6282402613 5597966.786734686),660805.628,5597966.787
97,35.0,POINT (639281.517639863 5597898.455675844),639281.518,5597898.456
98,38.0,POINT (642733.397310926 5597903.991731392),642733.397,5597903.992
99,38.0,POINT (656228.7640238071 5597934.228861379),656228.764,5597934.229
100,40.0,POINT (654882.3991627365 5597824.67787358),654882.399,5597824.678
101,37.0,POINT (659144.8010121541 5597795.838406689),659144.801,5597795.838
102,38.0,POINT (641698.8876142118 5597715.06701268),641698.888,5597715.067
103,38.0,POINT (660145.6200578505 5597640.962793644),660145.62,5597640.963
104,38.0,POINT (639746.3717891749 5597617.340264572),639746.372,5597617.34
105,35.0,POINT (658036.1660339168 5597622.657717216),658036.166,5597622.658
106,38.0,POINT (638731.5765145773 5597541.470125585),638731.577,5597541.47
107,35.0,POINT (649900.4554992 5597580.32721634),649900.455,5597580.327
108,27.0,POINT (654137.1180507328 5597524.222538879),654137.118,5597524.223
109,38.0,POINT (645731.234996369 5597463.939808785),645731.235,5597463.94
110,9.0,POINT (658619.028901442 5597343.461702066),658619.029,5597343.462
111,35.0,POINT (650953.3965023655 5597296.223125938),650953.397,5597296.223
112,26.0,POINT (653330.0403140077 5597211.256844931),653330.04,5597211.257
113,30.0,POINT (645664.4602209949 5597209.784501359),645664.46,5597209.785
114,33.0,POINT (653963.4228950009 5597190.706874941),653963.423,5597190.707
115,39.0,POINT (653152.3424668043 5597133.834840205),653152.342,5597133.835
116,37.0,POINT (649943.0937509224 5597105.921917785),649943.094,5597105.922
117,39.0,POINT (640196.5914016572 5596665.639005836),640196.591,5596665.639
118,40.0,POINT (652909.7821671417 5596676.746857787),652909.782,5596676.747
119,40.0,POINT (662023.925584878 5596660.262887851),662023.926,5596660.263
120,35.0,POINT (652185.4033346353 5596618.471755074),652185.403,5596618.472
121,31.0,POINT (661324.1643535468 5596577.841737892),661324.164,5596577.842
122,39.0,POINT (655647.1754128581 5596539.578498984),655647.175,5596539.578
123,20.0,POINT (655868.7150442752 5596479.04879258),655868.715,5596479.049
124,40.0,POINT (639179.6849257333 5596449.178675083),639179.685,5596449.179
125,38.0,POINT (642693.6037431671 5596690.53963486),642693.604,5596690.54
126,39.0,POINT (646537.208764569 5596298.521760781),646537.209,5596298.522
127,37.0,POINT (654176.6838582809 5596278.615384507),654176.684,5596278.615
128,39.0,POINT (648452.5145880554 5596276.003971307),648452.515,5596276.004
129,39.0,POINT (657695.0607156762 5596251.253181955),657695.061,5596251.253
130,31.0,POINT (659064.3444862842 5596311.218983096),659064.344,5596311.219
131,40.0,POINT (651863.8448739866 5596241.319730027),651863.845,5596241.32
132,26.0,POINT (659097.7684513148 5596219.078363048),659097.768,5596219.078
133,37.0,POINT (661970.004546722 5596197.264206644),661970.005,5596197.264
134,37.0,POINT (642332.9148156474 5596142.901012348),642332.915,5596142.901
135,35.0,POINT (638014.2947752961 5596109.189274248),638014.295,5596109.189
136,38.0,POINT (660954.4614375585 5596080.600494661),660954.461,5596080.6
137,31.0,POINT (660802.2608109948 5596177.662787546),660802.261,5596177.663
138,39.0,POINT (638676.2890624981 5596119.786863347),638676.289,5596119.787
139,40.0,POINT (661474.2561894903 5595995.781121922),661474.256,5595995.781
140,31.0,POINT (659451.7322061041 5596216.964743212),659451.732,5596216.965
141,26.0,POINT (658080.9951195475 5595972.35459186),658080.995,5595972.355
142,28.0,POINT (657507.5465318628 5595900.792660167),657507.547,5595900.793
143,33.0,POINT (657614.0621509769 5595872.665921625),657614.062,5595872.666
144,39.0,POINT (655765.8947634858 5595851.720221907),655765.895,5595851.72
145,32.0,POINT (657395.2053668807 5595873.024214449),657395.205,5595873.024
146,40.0,POINT (638404.8201630599 5595850.276896513),638404.82,5595850.277
147,35.0,POINT (649807.5683085173 5595857.060437923),649807.568,5595857.06
148,24.0,POINT (658434.6416433792 5595796.009784428),658434.642,5595796.01
149,40.0,POINT (652333.3751669071 5595757.256367031),652333.375,5595757.256
150,39.0,POINT (661610.6391288693 5595793.499027886),661610.639,5595793.499
151,40.0,POINT (641035.9991985707 5595740.978120844),641035.999,5595740.978
152,40.0,POINT (642573.7177433147 5595687.561067498),642573.718,5595687.561
153,40.0,POINT (657049.7964213993 5595657.681242669),657049.796,5595657.681
154,38.0,POINT (648012.8936080585 5595642.601418236),648012.894,5595642.601
155,29.0,POINT (657865.7901463748 5595637.244000913),657865.79,5595637.244
156,37.0,POINT (658121.9370258898 5595719.446401557),658121.937,5595719.446
157,34.0,POINT (659745.8251362679 5595609.935990989),659745.825,5595609.936
158,31.0,POINT (659859.6315793103 5595670.818961452),659859.632,5595670.819
159,31.0,POINT (656444.4511395886 5595578.003040278),656444.451,5595578.003
160,29.0,POINT (657866.7521994329 5595551.266528942),657866.752,5595551.267
161,33.0,POINT (658664.6387984556 5595573.129735541),658664.639,5595573.13
162,31.0,POINT (659644.069867639 5595497.484785032),659644.07,5595497.485
163,35.0,POINT (660875.2228849315 5595608.171816758),660875.223,5595608.172
164,40.0,POINT (653973.6477657942 5595499.980798848),653973.648,5595499.981
165,28.0,POINT (657316.0597416634 5595486.644615937),657316.06,5595486.645
166,35.0,POINT (653863.9256385168 5595623.305056183),653863.926,5595623.305
167,30.0,POINT (657166.3086052743 5595523.124627595),657166.309,5595523.125
168,39.0,POINT (641810.535951772 5595411.825804064),641810.536,5595411.826
169,35.0,POINT (658363.2640813885 5595408.716194998),658363.264,5595408.716
170,36.0,POINT (647690.0560235864 5595352.072363143),647690.056,5595352.072
171,38.0,POINT (643102.5397054948 5595259.834521256),643102.54,5595259.835
172,40.0,POINT (647223.8915139894 5595264.61592036),647223.892,5595264.616
173,40.0,POINT (656213.5244842927 5595321.152692757),656213.524,5595321.153
174,38.0,POINT (646020.7222322039 5595230.861933354),646020.722,5595230.862
175,16.0,POINT (657147.7799425299 5595196.298792103),657147.78,5595196.299
176,35.0,POINT (638167.8271484408 5595193.156043857),638167.827,5595193.156
177,24.0,POINT (656570.6489719851 5595490.881113645),656570.649,5595490.881
178,22.0,POINT (657362.7786952369 5595173.732261095),657362.779,5595173.732
179,39.0,POINT (641325.8596627839 5595090.18715411),641325.86,5595090.187
180,39.0,POINT (638520.7616660882 5595215.154510792),638520.762,5595215.155
181,38.0,POINT (653648.6424345638 5595131.900096173),653648.642,5595131.9
182,24.0,POINT (656998.7264313279 5595116.679289006),656998.726,5595116.679
183,39.0,POINT (640913.9260353027 5595076.66321828),640913.926,5595076.663
184,39.0,POINT (646177.2833327492 5595044.832939615),646177.283,5595044.833
185,38.0,POINT (637677.6975795747 5595033.817344764),637677.698,5595033.817
186,37.0,POINT (658456.8907263688 5595070.253023821),658456.891,5595070.253
187,39.0,POINT (644811.6361851663 5594976.67078903),644811.636,5594976.671
188,39.0,POINT (657673.7070740494 5595011.885005662),657673.707,5595011.885
189,31.0,POINT (657511.7704954275 5594906.44048519),657511.77,5594906.44
190,37.0,POINT (661801.4508596001 5594999.704112403),661801.451,5594999.704
191,40.0,POINT (637832.0054044751 5594921.129000166),637832.005,5594921.129
192,40.0,POINT (641908.1737021578 5594942.243193117),641908.174,5594942.243
193,11.0,POINT (658048.9252452025 5594934.239813499),658048.925,5594934.24
194,35.0,POINT (658913.5348621352 5595094.300314652),658913.535,5595094.3
195,40.0,POINT (656912.7245438404 5594851.034283475),656912.725,5594851.034
196,38.0,POINT (646433.1794475805 5595073.868736842),646433.179,5595073.869
197,27.0,POINT (655065.0679533528 5594798.632571439),655065.068,5594798.633
198,37.0,POINT (655316.3480626481 5594777.555399245),655316.348,5594777.555
199,39.0,POINT (638013.4079560131 5594761.452330963),638013.408,5594761.452
200,37.0,POINT (655793.9826788792 5594600.342919663),655793.983,5594600.343
201,31.0,POINT (655315.0495105046 5594610.300547454),655315.05,5594610.301
202,39.0,POINT (643597.7622931235 5594616.976593177),643597.762,5594616.977
203,35.0,POINT (656811.2460122255 5594606.736946959),656811.246,5594606.737
204,39.0,POINT (657187.3691137119 5594656.50722794),657187.369,5594656.507
205,30.0,POINT (655340.3740887311 5594571.153180695),655340.374,5594571.153
206,30.0,POINT (657586.8902033592 5594495.209257569),657586.89,5594495.209
207,40.0,POINT (645337.8499633354 5594383.204629154),645337.85,5594383.205
208,31.0,POINT (660447.6083502086 5594382.972465225),660447.608,5594382.972
209,28.0,POINT (645914.6609420596 5594366.630687511),645914.661,5594366.631
210,35.0,POINT (658873.6022422622 5594468.783571488),658873.602,5594468.784
211,13.0,POINT (657227.5909126417 5594273.746137642),657227.591,5594273.746
212,30.0,POINT (657802.2243331518 5594287.65413361),657802.224,5594287.654
213,35.0,POINT (656659.0218459539 5594270.800398252),656659.022,5594270.8
214,39.0,POINT (656760.7422893642 5594247.005352141),656760.742,5594247.005
215,35.0,POINT (660609.1704698984 5594264.05799932),660609.17,5594264.058
216,37.0,POINT (654536.3311560624 5594346.462512573),654536.331,5594346.463
217,29.0,POINT (657596.391384842 5594257.186434517),657596.391,5594257.186
218,40.0,POINT (646577.0404179086 5594183.748391871),646577.04,5594183.748
219,37.0,POINT (659016.4222632913 5594122.486691981),659016.422,5594122.487
220,24.0,POINT (654878.8152768853 5594113.798052112),654878.815,5594113.798
221,31.0,POINT (658564.2207570408 5594154.066944035),658564.221,5594154.067
222,31.0,POINT (657006.7256555334 5594403.404287941),657006.726,5594403.404
223,37.0,POINT (655247.1291762276 5594021.569930138),655247.129,5594021.57
224,22.0,POINT (657510.8372103695 5594079.167477479),657510.837,5594079.167
225,39.0,POINT (642294.4814609291 5594028.061676186),642294.481,5594028.062
226,35.0,POINT (656319.6081946994 5593991.026327456),656319.608,5593991.026
227,38.0,POINT (655462.3763823494 5593925.792594519),655462.376,5593925.793
228,38.0,POINT (656082.3113102147 5593913.954438542),656082.311,5593913.954
229,38.0,POINT (654294.9247331143 5593894.999332082),654294.925,5593894.999
230,35.0,POINT (657872.0888616081 5593918.244775086),657872.089,5593918.245
231,39.0,POINT (649913.3301343392 5593894.687282794),649913.33,5593894.687
232,39.0,POINT (642279.1039241115 5593787.561458148),642279.104,5593787.561
233,39.0,POINT (646693.9096470812 5593881.19808239),646693.91,5593881.198
234,37.0,POINT (656571.5019212298 5593826.451914052),656571.502,5593826.452
235,37.0,POINT (648596.6869783095 5593815.063976165),648596.687,5593815.064
236,37.0,POINT (660110.800783835 5593765.759710879),660110.801,5593765.76
237,40.0,POINT (657171.5648858706 5593738.128546122),657171.565,5593738.129
238,28.0,POINT (646529.266753125 5593645.014129987),646529.267,5593645.014
239,37.0,POINT (648591.1402727847 5593633.094043895),648591.14,5593633.094
240,30.0,POINT (637985.2893660211 5593564.592715197),637985.289,5593564.593
241,39.0,POINT (638966.1303410719 5593563.884016927),638966.13,5593563.884
242,39.0,POINT (652144.2698638047 5593609.227442644),652144.27,5593609.227
243,39.0,POINT (654508.7592701369 5593569.914195535),654508.759,5593569.914
244,39.0,POINT (652311.1449671584 5593530.993571957),652311.145,5593530.994
245,37.0,POINT (655976.0364520496 5593652.036340198),655976.036,5593652.036
246,37.0,POINT (656026.304056428 5593646.053765583),656026.304,5593646.054
247,37.0,POINT (656141.0643743257 5593529.654798217),656141.064,5593529.655
248,39.0,POINT (646391.524157343 5593486.774775789),646391.524,5593486.775
249,37.0,POINT (656857.9129749334 5593573.274043629),656857.913,5593573.274
250,31.0,POINT (659946.6118240831 5593508.704275829),659946.612,5593508.704
251,39.0,POINT (638824.9728160881 5593488.726662355),638824.973,5593488.727
252,38.0,POINT (642761.0399796745 5593574.562355912),642761.04,5593574.562
253,39.0,POINT (642796.0055339637 5593327.0443929),642796.006,5593327.044
254,38.0,POINT (647085.2904928024 5593399.379867252),647085.29,5593399.38
255,37.0,POINT (654784.6295113973 5593461.295803477),654784.63,5593461.296
256,38.0,POINT (648173.8120086817 5593443.473673095),648173.812,5593443.474
257,21.0,POINT (656426.519190301 5593296.786927479),656426.519,5593296.787
258,39.0,POINT (659699.4275261534 5593425.414316664),659699.428,5593425.414
259,35.0,POINT (648308.5720258059 5593439.567856466),648308.572,5593439.568
260,37.0,POINT (658400.752609688 5593377.951360667),658400.753,5593377.951
261,35.0,POINT (657789.6870611281 5593386.45706782),657789.687,5593386.457
262,31.0,POINT (656684.5833286615 5593292.654345248),656684.583,5593292.654
263,33.0,POINT (657669.6030610622 5593286.339947711),657669.603,5593286.34
264,33.0,POINT (655932.5149929926 5593291.777266004),655932.515,5593291.777
265,33.0,POINT (659581.0553780071 5593240.971800492),659581.055,5593240.972
266,35.0,POINT (646456.3180614247 5593188.427752763),646456.318,5593188.428
267,28.0,POINT (641136.8071577804 5593135.420208098),641136.807,5593135.42
268,31.0,POINT (658179.6409870193 5593151.367456731),658179.641,5593151.367
269,37.0,POINT (658517.4250341464 5593142.849469932),658517.425,5593142.849
270,35.0,POINT (656399.941674061 5593132.706566388),656399.942,5593132.707
271,31.0,POINT (657733.7498621722 5593106.267627565),657733.75,5593106.268
272,38.0,POINT (645556.6491452473 5593158.128134462),645556.649,5593158.128
273,33.0,POINT (653994.0894620264 5593210.740837169),653994.089,5593210.741
274,23.0,POINT (656596.0254818902 5593087.932918811),656596.025,5593087.933
275,28.0,POINT (658286.5206369353 5593069.302068911),658286.521,5593069.302
276,33.0,POINT (648486.652652701 5593034.207254732),648486.653,5593034.207
277,26.0,POINT (653010.8226061157 5593037.107308984),653010.823,5593037.107
278,37.0,POINT (655212.1929132395 5593133.417785017),655212.193,5593133.418
279,33.0,POINT (657337.0790786729 5593054.492171263),657337.079,5593054.492
280,37.0,POINT (661389.6014206207 5593082.960299225),661389.601,5593082.96
281,39.0,POINT (660914.2432829905 5593059.324605044),660914.243,5593059.325
282,35.0,POINT (657125.3898643818 5593009.255811291),657125.39,5593009.256
283,39.0,POINT (654756.2767244136 5592949.223850189),654756.277,5592949.224
284,37.0,POINT (658770.7209829671 5593270.746848047),658770.721,5593270.747
285,31.0,POINT (637949.7558438731 5592896.385530597),637949.756,5592896.386
286,39.0,POINT (646589.2088804124 5592861.784489629),646589.209,5592861.784
287,40.0,POINT (654156.4646641954 5592829.975175571),654156.465,5592829.975
288,40.0,POINT (642407.4822250146 5592830.620298632),642407.482,5592830.62
289,37.0,POINT (658387.6646272282 5592857.893263441),658387.665,5592857.893
290,40.0,POINT (659543.4460082322 5592854.545030008),659543.446,5592854.545
291,40.0,POINT (655938.7865335454 5592829.325452626),655938.787,5592829.325
292,39.0,POINT (654543.6978200658 5592794.808327779),654543.698,5592794.808
293,39.0,POINT (650414.0912890908 5592746.922545155),650414.091,5592746.923
294,37.0,POINT (655919.525812709 5592618.781555382),655919.526,5592618.782
295,40.0,POINT (655258.0325619311 5592675.138611635),655258.033,5592675.139
296,35.0,POINT (659929.7581182723 5592882.6668937),659929.758,5592882.667
297,39.0,POINT (645311.3841328525 5592648.297663563),645311.384,5592648.298
298,40.0,POINT (644896.7098898683 5592645.914891092),644896.71,5592645.915
299,30.0,POINT (652978.827016857 5592611.188352535),652978.827,5592611.188
300,38.0,POINT (653501.3410322346 5592645.743335105),653501.341,5592645.743
301,35.0,POINT (637957.5977032483 5592596.218863144),637957.598,5592596.219
302,40.0,POINT (655641.7587699543 5592597.770552571),655641.759,5592597.771
303,40.0,POINT (658017.6199347457 5592562.231405756),658017.62,5592562.231
304,28.0,POINT (651957.1522580221 5592518.600136067),651957.152,5592518.6
305,37.0,POINT (655340.5662925877 5592445.210423098),655340.566,5592445.21
306,31.0,POINT (652613.0458883299 5592495.946602628),652613.046,5592495.947
307,31.0,POINT (659156.0438668131 5592756.096488618),659156.044,5592756.096
308,32.0,POINT (647976.8346557845 5592344.732632579),647976.835,5592344.733
309,35.0,POINT (652805.9639762001 5592350.987465454),652805.964,5592350.987
310,39.0,POINT (649950.480508125 5592309.511528048),649950.481,5592309.512
311,33.0,POINT (656830.9256091658 5592367.703922735),656830.926,5592367.704
312,37.0,POINT (658889.9940668682 5592312.231111249),658889.994,5592312.231
313,35.0,POINT (647564.3594544224 5592208.176414256),647564.359,5592208.176
314,39.0,POINT (654641.5874772631 5592380.979638346),654641.587,5592380.98
315,28.0,POINT (655640.0742718744 5592199.358779997),655640.074,5592199.359
316,39.0,POINT (657953.4817714301 5592210.584913227),657953.482,5592210.585
317,26.0,POINT (658931.6436720509 5592221.159161746),658931.644,5592221.159
318,14.0,POINT (657939.8185734751 5592133.984767139),657939.819,5592133.985
319,38.0,POINT (647148.5029731647 5592138.18859755),647148.503,5592138.189
320,35.0,POINT (639088.8476282677 5592149.584285691),639088.848,5592149.584
321,31.0,POINT (657021.7127781234 5592325.008295991),657021.713,5592325.008
322,31.0,POINT (637978.4585696112 5592028.932046239),637978.459,5592028.932
323,33.0,POINT (638345.2444921073 5592053.078187222),638345.244,5592053.078
324,29.0,POINT (655766.6744245157 5592001.716435393),655766.674,5592001.716
325,13.0,POINT (652585.5333529165 5591965.389927151),652585.533,5591965.39
326,37.0,POINT (659053.3587659615 5592138.381821629),659053.359,5592138.382
327,37.0,POINT (659376.5177104458 5592190.233447921),659376.518,5592190.233
328,22.0,POINT (659881.3232123848 5591991.120765768),659881.323,5591991.121
329,33.0,POINT (656700.1966863034 5591891.836211704),656700.197,5591891.836
330,40.0,POINT (640051.6547313692 5591868.44045311),640051.655,5591868.44
331,40.0,POINT (644727.9144562813 5591842.890826327),644727.914,5591842.891
332,31.0,POINT (653851.7288886433 5591898.124717572),653851.729,5591898.125
333,31.0,POINT (654011.4334806891 5591764.619508894),654011.433,5591764.62
334,37.0,POINT (655456.8938331384 5591687.462104958),655456.894,5591687.462
335,37.0,POINT (637687.4122616259 5591636.827650056),637687.412,5591636.828
336,38.0,POINT (638831.6917581868 5591611.363139806),638831.692,5591611.363
337,26.0,POINT (654600.5081017734 5591640.835793616),654600.508,5591640.836
338,33.0,POINT (655384.6855727984 5591618.145466215),655384.686,5591618.145
339,40.0,POINT (648463.1652707122 5591622.417094405),648463.165,5591622.417
340,40.0,POINT (656834.7619808466 5591621.707028147),656834.762,5591621.707
341,28.0,POINT (653514.1966822895 5591554.451644713),653514.197,5591554.452
342,27.0,POINT (659135.3246048398 5591536.35567747),659135.325,5591536.356
343,38.0,POINT (640085.4233062004 5591442.677728786),640085.423,5591442.678
344,11.0,POINT (657852.7308437923 5591421.196661063),657852.731,5591421.197
345,35.0,POINT (656391.7149302702 5591403.350310444),656391.715,5591403.35
346,33.0,POINT (658202.1605231443 5591382.837309293),658202.161,5591382.837
347,27.0,POINT (653596.6326244134 5591371.115036186),653596.633,5591371.115
348,40.0,POINT (657603.0100209787 5591279.193972025),657603.01,5591279.194
349,38.0,POINT (661331.9955379467 5591308.197032766),661331.996,5591308.197
350,33.0,POINT (639202.1073471826 5591254.023569681),639202.107,5591254.024
351,29.0,POINT (653462.5292649936 5591220.547716472),653462.529,5591220.548
352,35.0,POINT (653114.872297026 5591180.810793885),653114.872,5591180.811
353,38.0,POINT (658558.6751475238 5591172.536231162),658558.675,5591172.536
354,38.0,POINT (640497.7581718223 5591135.955215911),640497.758,5591135.955
355,39.0,POINT (662022.6228794791 5591144.839796122),662022.623,5591144.84
356,31.0,POINT (653011.4030250753 5591142.768888845),653011.403,5591142.769
357,39.0,POINT (655964.9104233587 5591064.507754116),655964.91,5591064.508
358,37.0,POINT (640686.9493608847 5591094.806356803),640686.949,5591094.806
359,40.0,POINT (646090.6265835101 5590981.638761883),646090.627,5590981.639
360,26.0,POINT (657908.0199671513 5591086.07818954),657908.02,5591086.078
361,35.0,POINT (648461.465697558 5591020.078442601),648461.466,5591020.078
362,40.0,POINT (661738.7659066652 5590865.060018742),661738.766,5590865.06
363,38.0,POINT (650232.8341406308 5590916.777166448),650232.834,5590916.777
364,35.0,POINT (652817.1839940121 5590835.815014107),652817.184,5590835.815
365,35.0,POINT (656695.968754114 5591244.704985698),656695.969,5591244.705
366,37.0,POINT (638939.4623204957 5590765.833933424),638939.462,5590765.834
367,31.0,POINT (653170.2484681448 5590722.050002511),653170.248,5590722.05
368,40.0,POINT (652234.3681061852 5590640.425945044),652234.368,5590640.426
369,35.0,POINT (656317.9689057252 5590633.006379336),656317.969,5590633.006
370,31.0,POINT (656320.3405122837 5590598.434170269),656320.341,5590598.434
371,33.0,POINT (652912.2018351845 5590711.51713792),652912.202,5590711.517
372,37.0,POINT (657477.4958691843 5590577.355321976),657477.496,5590577.355
373,38.0,POINT (655449.2913981162 5590564.139771069),655449.291,5590564.14
374,19.0,POINT (652543.6793414463 5590508.059609971),652543.679,5590508.06
375,33.0,POINT (656054.3575558538 5590484.076799414),656054.358,5590484.077
376,35.0,POINT (652943.4206675317 5590405.50331156),652943.421,5590405.503
377,30.0,POINT (657069.4539879769 5590334.129946178),657069.454,5590334.13
378,38.0,POINT (657151.1785449112 5590387.666176769),657151.179,5590387.666
379,40.0,POINT (651592.5560785969 5590358.951758656),651592.556,5590358.952
380,39.0,POINT (647727.6409959872 5590326.522081373),647727.641,5590326.522
381,35.0,POINT (653566.0166456989 5590269.53854803),653566.017,5590269.539
382,31.0,POINT (657128.5124865926 5590304.508070156),657128.512,5590304.508
383,38.0,POINT (659662.7359595781 5590279.334484437),659662.736,5590279.334
384,35.0,POINT (656624.4983475475 5590248.580121167),656624.498,5590248.58
385,31.0,POINT (646767.9679232449 5590283.101071114),646767.968,5590283.101
386,40.0,POINT (653399.2116229679 5590219.852802365),653399.212,5590219.853
387,40.0,POINT (654526.4485303777 5590380.189903636),654526.449,5590380.19
388,38.0,POINT (637806.8559226587 5590271.70262405),637806.856,5590271.703
389,35.0,POINT (658500.0561645196 5590119.813845999),658500.056,5590119.814
390,16.0,POINT (653270.2438274457 5590039.14619178),653270.244,5590039.146
391,33.0,POINT (645645.9154074582 5589984.351942002),645645.915,5589984.352
392,26.0,POINT (652338.494002982 5590068.350593404),652338.494,5590068.351
393,37.0,POINT (655720.6055972601 5589974.247226221),655720.606,5589974.247
394,37.0,POINT (656708.9788731622 5589846.686023626),656708.979,5589846.686
395,40.0,POINT (659893.2102287386 5589832.012772747),659893.21,5589832.013
396,40.0,POINT (653375.4393970036 5589822.638483948),653375.439,5589822.638
397,35.0,POINT (655807.0094490012 5589829.050434295),655807.009,5589829.05
398,38.0,POINT (661452.6828033167 5589812.025231757),661452.683,5589812.025
399,32.0,POINT (657816.5170307072 5589822.549034445),657816.517,5589822.549
400,40.0,POINT (647349.9411726132 5589769.492766552),647349.941,5589769.493
401,31.0,POINT (657710.2296609569 5589762.579785001),657710.23,5589762.58
402,31.0,POINT (661884.3798902032 5589744.216666119),661884.38,5589744.217
403,40.0,POINT (643237.7946016741 5589684.907550941),643237.795,5589684.908
404,33.0,POINT (656658.4312589034 5589601.833738294),656658.431,5589601.834
405,40.0,POINT (639836.6075793689 5589881.793217492),639836.608,5589881.793
406,39.0,POINT (644868.7862157566 5589599.460176328),644868.786,5589599.46
407,35.0,POINT (654463.9772652958 5589575.765154655),654463.977,5589575.765
408,35.0,POINT (643548.0708797526 5589605.668131119),643548.071,5589605.668
409,35.0,POINT (639672.9256316738 5589547.021682528),639672.926,5589547.022
410,35.0,POINT (639069.3426446966 5589787.631689281),639069.343,5589787.632
411,27.0,POINT (651967.9606062281 5589565.062897095),651967.961,5589565.063
412,33.0,POINT (655429.3256792317 5589573.150752283),655429.326,5589573.151
413,26.0,POINT (652112.4937317187 5589519.71235206),652112.494,5589519.712
414,40.0,POINT (655116.5093736505 5589498.425736706),655116.509,5589498.426
415,30.0,POINT (657891.2984268949 5589511.039064675),657891.298,5589511.039
416,35.0,POINT (656495.7944148635 5589438.798334942),656495.794,5589438.798
417,38.0,POINT (642603.6791013416 5589381.726997081),642603.679,5589381.727
418,35.0,POINT (656571.0874954571 5589402.650694089),656571.087,5589402.651
419,38.0,POINT (644497.1300192522 5589338.257665434),644497.13,5589338.258
420,35.0,POINT (654259.3183154365 5589330.51711393),654259.318,5589330.517
421,39.0,POINT (653999.1401150236 5589296.312161496),653999.14,5589296.312
422,26.0,POINT (645125.8809213018 5589278.706241542),645125.881,5589278.706
423,32.0,POINT (661635.0922129868 5589427.605169034),661635.092,5589427.605
424,35.0,POINT (651836.6889094529 5589157.453307539),651836.689,5589157.453
425,32.0,POINT (658060.0517270371 5589245.753441003),658060.052,5589245.753
426,28.0,POINT (660094.2857330452 5589201.411926426),660094.286,5589201.412
427,35.0,POINT (655445.5430135587 5589198.894275489),655445.543,5589198.894
428,25.0,POINT (656484.8423993667 5589196.380636697),656484.842,5589196.381
429,37.0,POINT (646100.7900000504 5589163.774680065),646100.79,5589163.775
430,39.0,POINT (646918.7389756667 5589368.764241041),646918.739,5589368.764
431,37.0,POINT (661795.0217303644 5589170.312861099),661795.022,5589170.313
432,35.0,POINT (651627.5981167202 5589097.272549191),651627.598,5589097.273
433,38.0,POINT (661414.191834707 5589085.466964827),661414.192,5589085.467
434,37.0,POINT (645978.2036464656 5589087.171137645),645978.204,5589087.171
435,22.0,POINT (656405.115648173 5589053.811840782),656405.116,5589053.812
436,40.0,POINT (658511.4824779136 5589075.021599152),658511.482,5589075.022
437,39.0,POINT (651943.1778956396 5589028.800976873),651943.178,5589028.801
438,38.0,POINT (661469.6150605314 5589029.450429379),661469.615,5589029.45
439,35.0,POINT (643206.9568933281 5588996.22531758),643206.957,5588996.225
440,31.0,POINT (655587.9949341855 5588968.71804478),655587.995,5588968.718
441,38.0,POINT (637869.0219157037 5589104.26070072),637869.022,5589104.261
442,35.0,POINT (652127.1016019972 5588903.292343315),652127.102,5588903.292
443,25.0,POINT (654772.6929643808 5588978.585493537),654772.693,5588978.585
444,40.0,POINT (654901.6982188757 5588918.581927837),654901.698,5588918.582
445,21.0,POINT (648060.4255453021 5588920.232355765),648060.426,5588920.232
446,35.0,POINT (658526.5364658731 5588922.39237632),658526.536,5588922.392
447,40.0,POINT (660055.3156750011 5588891.227301715),660055.316,5588891.227
448,35.0,POINT (655498.5652911087 5588797.944477616),655498.565,5588797.944
449,33.0,POINT (656825.2822923082 5589344.711973815),656825.282,5589344.712
450,33.0,POINT (657035.9243415887 5589006.225421353),657035.924,5589006.225
451,31.0,POINT (658838.9100147523 5588922.714992113),658838.91,5588922.715
452,35.0,POINT (654513.7281943776 5588943.316996596),654513.728,5588943.317
453,39.0,POINT (649894.5330207228 5588963.613185422),649894.533,5588963.613
454,37.0,POINT (658333.3500890227 5588859.531753919),658333.35,5588859.532
455,25.0,POINT (643201.8918945345 5588811.46780456),643201.892,5588811.468
456,40.0,POINT (647828.6853580395 5588836.437130257),647828.685,5588836.437
457,26.0,POINT (646201.0912260305 5588839.850693507),646201.091,5588839.851
458,40.0,POINT (652942.395812177 5588801.533971028),652942.396,5588801.534
459,40.0,POINT (643457.363244303 5588732.096246921),643457.363,5588732.096
460,38.0,POINT (643975.5769879069 5588771.34803485),643975.577,5588771.348
461,39.0,POINT (648287.4934552419 5588746.259089082),648287.493,5588746.259
462,24.0,POINT (652286.2330875627 5588821.996757035),652286.233,5588821.997
463,30.0,POINT (643360.1758291763 5588737.270621801),643360.176,5588737.271
464,40.0,POINT (646399.609444562 5588778.689967754),646399.609,5588778.69
465,30.0,POINT (652190.580699385 5588739.757293032),652190.581,5588739.757
466,32.0,POINT (655551.5039702517 5588711.071370929),655551.504,5588711.071
467,27.0,POINT (657730.4881835334 5588754.667077549),657730.488,5588754.667
468,38.0,POINT (658457.7754891651 5588715.421077864),658457.775,5588715.421
469,37.0,POINT (654869.635070927 5588773.476760583),654869.635,5588773.477
470,40.0,POINT (638000.6819054275 5588654.12804884),638000.682,5588654.128
471,31.0,POINT (644580.5883804049 5588654.71404415),644580.588,5588654.714
472,24.0,POINT (650866.463952721 5588694.327970082),650866.464,5588694.328
473,40.0,POINT (645093.2397804779 5588651.91097374),645093.24,5588651.911
474,33.0,POINT (650803.2890805081 5588669.699477403),650803.289,5588669.699
475,26.0,POINT (656170.3025699494 5588698.719008787),656170.303,5588698.719
476,31.0,POINT (655196.6713883026 5588491.87228777),655196.671,5588491.872
477,39.0,POINT (653240.4506464869 5588542.852054652),653240.451,5588542.852
478,37.0,POINT (654673.6337940126 5588493.102614029),654673.634,5588493.103
479,22.0,POINT (650197.4043960484 5588470.649383859),650197.404,5588470.649
480,37.0,POINT (655323.1734786988 5588825.438224949),655323.173,5588825.438
481,37.0,POINT (655433.1588618387 5588538.928748963),655433.159,5588538.929
482,33.0,POINT (656811.7903741946 5588507.267259146),656811.79,5588507.267
483,37.0,POINT (656941.6271196883 5588433.809335565),656941.627,5588433.809
484,40.0,POINT (646447.2891572024 5588318.527716123),646447.289,5588318.528
485,30.0,POINT (654847.3994197504 5588380.5557297),654847.399,5588380.556
486,26.0,POINT (662008.3753925979 5588326.587920932),662008.375,5588326.588
487,37.0,POINT (643454.9888680283 5588349.154845196),643454.989,5588349.155
488,39.0,POINT (646964.3889551827 5588317.498453727),646964.389,5588317.498
489,37.0,POINT (655106.2229110349 5588306.811585963),655106.223,5588306.812
490,40.0,POINT (641914.4205819241 5588319.935430735),641914.421,5588319.935
491,40.0,POINT (642457.3059095974 5588190.059175915),642457.306,5588190.059
492,38.0,POINT (654378.2604015538 5588226.947384227),654378.26,5588226.947
493,31.0,POINT (661169.523570147 5588231.902054075),661169.524,5588231.902
494,35.0,POINT (639376.0444795337 5588221.37093144),639376.044,5588221.371
495,31.0,POINT (655988.0542936983 5588230.55073289),655988.054,5588230.551
496,31.0,POINT (651114.7461426425 5588175.452529441),651114.746,5588175.453
497,31.0,POINT (661228.2160565575 5588167.907610327),661228.216,5588167.908
498,39.0,POINT (647640.0598256488 5588165.49439609),647640.06,5588165.494
499,31.0,POINT (656664.1640024595 5588106.813411101),656664.164,5588106.813
500,38.0,POINT (645568.9095764941 5588486.386823988),645568.91,5588486.387
501,31.0,POINT (650743.9776593024 5588192.827049216),650743.978,5588192.827
502,38.0,POINT (642188.2630052303 5588047.073592558),642188.263,5588047.074
503,39.0,POINT (657404.6370017566 5588060.101676909),657404.637,5588060.102
504,38.0,POINT (645220.1375139205 5587973.185633433),645220.138,5587973.186
505,40.0,POINT (656612.9408196879 5588051.178714194),656612.941,5588051.179
506,39.0,POINT (649038.1969568017 5588013.299038354),649038.197,5588013.299
507,38.0,POINT (650714.190578942 5588021.977296262),650714.191,5588021.977
508,37.0,POINT (655792.2300156415 5587992.291054513),655792.23,5587992.291
509,38.0,POINT (646212.0544187011 5587912.721125468),646212.054,5587912.721
510,40.0,POINT (652759.8464920972 5587877.433707493),652759.846,5587877.434
511,37.0,POINT (654370.3328980142 5588041.099377773),654370.333,5588041.099
512,40.0,POINT (644817.741542134 5587867.073894191),644817.742,5587867.074
513,40.0,POINT (648374.7893655659 5587945.096170709),648374.789,5587945.096
514,31.0,POINT (651720.2013470765 5587854.387011922),651720.201,5587854.387
515,38.0,POINT (643836.7420840012 5587832.42914786),643836.742,5587832.429
516,24.0,POINT (651308.4866423985 5587774.870663509),651308.487,5587774.871
517,35.0,POINT (654707.1706722036 5587764.911323882),654707.171,5587764.911
518,40.0,POINT (656014.5590203175 5587987.060364438),656014.559,5587987.06
519,31.0,POINT (646402.2015180269 5587792.011862959),646402.202,5587792.012
520,35.0,POINT (656056.0386328318 5587781.864308222),656056.039,5587781.864
521,33.0,POINT (644010.6118417175 5587756.852221332),644010.612,5587756.852
522,31.0,POINT (639191.534155912 5587723.534336307),639191.534,5587723.534
523,31.0,POINT (645056.3687132042 5587709.29686595),645056.369,5587709.297
524,39.0,POINT (655477.365657283 5587705.660425179),655477.366,5587705.66
525,31.0,POINT (647268.8169408791 5587663.717093513),647268.817,5587663.717
526,37.0,POINT (656853.7646185749 5587680.108280698),656853.765,5587680.108
527,35.0,POINT (653195.9355832268 5587803.702102332),653195.936,5587803.702
528,37.0,POINT (654986.1999350671 5587800.366590393),654986.2,5587800.367
529,35.0,POINT (657145.3035793874 5587701.137200752),657145.304,5587701.137
530,38.0,POINT (657148.7045803129 5587616.939299467),657148.705,5587616.939
531,15.0,POINT (661509.2852775523 5587640.036248605),661509.285,5587640.036
532,39.0,POINT (662089.9318755261 5587572.287772519),662089.932,5587572.288
533,40.0,POINT (655854.0551395491 5587561.533591258),655854.055,5587561.534
534,39.0,POINT (652046.8468181314 5587534.317804605),652046.847,5587534.318
535,33.0,POINT (639175.6059644914 5587546.885216201),639175.606,5587546.885
536,39.0,POINT (650717.5610779371 5587529.942500954),650717.561,5587529.943
537,31.0,POINT (656188.1794788277 5587569.867908947),656188.179,5587569.868
538,40.0,POINT (656862.7861666662 5587508.419688579),656862.786,5587508.42
539,37.0,POINT (647142.4950322596 5587433.368179833),647142.495,5587433.368
540,39.0,POINT (652473.2443352933 5587556.000201172),652473.244,5587556.0
541,30.0,POINT (653095.4774827156 5587392.710475857),653095.477,5587392.71
542,38.0,POINT (657275.326132857 5587343.294296527),657275.326,5587343.294
543,35.0,POINT (656827.7324832799 5587313.635455146),656827.732,5587313.635
544,40.0,POINT (650874.4145366339 5587288.831926238),650874.415,5587288.832
545,35.0,POINT (651778.904476076 5587298.05523444),651778.904,5587298.055
546,26.0,POINT (652926.4313068338 5587256.384195513),652926.431,5587256.384
547,37.0,POINT (655675.2935111781 5587258.410315663),655675.294,5587258.41
548,34.0,POINT (657194.1983597154 5587225.321919437),657194.198,5587225.322
549,31.0,POINT (657891.4822979622 5587321.908667644),657891.482,5587321.909
550,37.0,POINT (638200.2194480845 5587192.889969199),638200.219,5587192.89
551,35.0,POINT (650974.1525149932 5587218.001575754),650974.153,5587218.002
552,27.0,POINT (653789.328338824 5587234.044763089),653789.328,5587234.045
553,26.0,POINT (653929.2267588185 5587232.204197424),653929.227,5587232.204
554,35.0,POINT (654961.763936542 5587045.440225395),654961.764,5587045.44
555,33.0,POINT (655570.3635225927 5587193.587998953),655570.364,5587193.588
556,35.0,POINT (652749.7383256851 5587371.04354444),652749.738,5587371.044
557,37.0,POINT (643807.8951387726 5587099.037569258),643807.895,5587099.038
558,31.0,POINT (647368.3368885163 5587127.789051101),647368.337,5587127.789
559,37.0,POINT (653882.6307635516 5587434.445042105),653882.631,5587434.445
560,39.0,POINT (658531.183986465 5587130.562082793),658531.184,5587130.562
561,38.0,POINT (662218.7770267081 5587071.74812059),662218.777,5587071.748
562,31.0,POINT (653508.0524148648 5587004.355738851),653508.052,5587004.356
563,35.0,POINT (653000.6396430858 5587144.344083851),653000.64,5587144.344
564,38.0,POINT (654166.9411562597 5587013.603271603),654166.941,5587013.603
565,40.0,POINT (656299.6242078124 5586977.632313309),656299.624,5586977.632
566,38.0,POINT (660200.6765760713 5587003.423338313),660200.677,5587003.423
567,30.0,POINT (646507.4058857803 5586971.675731721),646507.406,5586971.676
568,39.0,POINT (656786.1211269337 5587100.170241132),656786.121,5587100.17
569,40.0,POINT (656011.0279923476 5587167.034670022),656011.028,5587167.035
570,27.0,POINT (655307.5586496482 5586951.397380603),655307.559,5586951.397
571,37.0,POINT (640752.7236511236 5587033.540519712),640752.724,5587033.541
572,35.0,POINT (647068.0311819257 5586924.351810948),647068.031,5586924.352
573,31.0,POINT (660066.2904066604 5586925.227333827),660066.29,5586925.227
574,31.0,POINT (646973.2058831111 5586885.645782105),646973.206,5586885.646
575,39.0,POINT (650033.369586766 5586899.090352169),650033.37,5586899.09
576,38.0,POINT (652550.2520342519 5586878.600883772),652550.252,5586878.601
577,35.0,POINT (658546.3250044519 5586811.246329366),658546.325,5586811.246
578,35.0,POINT (651963.6288293885 5586802.520700776),651963.629,5586802.521
579,40.0,POINT (655491.8847920113 5586770.995827371),655491.885,5586770.996
580,33.0,POINT (639268.3470911408 5586742.661502973),639268.347,5586742.662
581,40.0,POINT (639434.9844265945 5586718.517104474),639434.984,5586718.517
582,33.0,POINT (647843.8071403316 5586702.499184855),647843.807,5586702.499
583,25.0,POINT (662204.1621250622 5586685.392883766),662204.162,5586685.393
584,31.0,POINT (649531.9384625467 5586691.237317945),649531.938,5586691.237
585,39.0,POINT (651834.1023952604 5586601.161399477),651834.102,5586601.161
586,33.0,POINT (651021.8092503038 5586635.354154966),651021.809,5586635.354
587,33.0,POINT (653564.9153609198 5586607.748972021),653564.915,5586607.749
588,40.0,POINT (657296.8547257183 5586548.664618081),657296.855,5586548.665
589,30.0,POINT (656294.9403430619 5586509.115111899),656294.94,5586509.115
590,14.0,POINT (647679.792851484 5586498.011168765),647679.793,5586498.011
591,35.0,POINT (641733.2485996236 5586485.543322359),641733.249,5586485.543
592,35.0,POINT (655588.6516899638 5586485.499353647),655588.652,5586485.499
593,40.0,POINT (655169.7556294367 5586428.147115759),655169.756,5586428.147
594,26.0,POINT (658860.9961601795 5586467.283796437),658860.996,5586467.284
595,33.0,POINT (660054.5492440186 5586452.585883568),660054.549,5586452.586
596,40.0,POINT (648212.5141105263 5586401.427143856),648212.514,5586401.427
597,7.0,POINT (650691.2076196239 5586397.607227946),650691.208,5586397.607
598,40.0,POINT (653127.6246810541 5586305.643883366),653127.625,5586305.644
599,35.0,POINT (653378.4338271468 5586316.696477383),653378.434,5586316.696
600,26.0,POINT (654397.3635740476 5586266.940292791),654397.364,5586266.94
601,38.0,POINT (654340.9794433557 5586282.331964089),654340.979,5586282.332
602,39.0,POINT (656602.5124975964 5586222.362859651),656602.512,5586222.363
603,39.0,POINT (661618.3087134055 5586218.821327602),661618.309,5586218.821
604,38.0,POINT (647787.089063143 5586251.742494836),647787.089,5586251.742
605,40.0,POINT (659361.5218832187 5586209.675237498),659361.522,5586209.675
606,35.0,POINT (650041.4992858223 5586234.394785855),650041.499,5586234.395
607,40.0,POINT (656098.3744746769 5586256.699900302),656098.374,5586256.7
608,37.0,POINT (640023.0144258295 5586201.256320585),640023.014,5586201.256
609,39.0,POINT (657215.1116202145 5586186.713377222),657215.112,5586186.713
610,33.0,POINT (648038.5444729278 5586267.891614633),648038.544,5586267.892
611,39.0,POINT (654773.6298655794 5586155.969851355),654773.63,5586155.97
612,24.0,POINT (659320.0332452842 5586129.58406824),659320.033,5586129.584
613,39.0,POINT (650752.0924976242 5586095.704269898),650752.092,5586095.704
614,35.0,POINT (652585.9930180918 5586037.136641114),652585.993,5586037.137
615,35.0,POINT (650379.8419033049 5586008.765968542),650379.842,5586008.766
616,35.0,POINT (655514.0859821917 5586108.179307206),655514.086,5586108.179
617,40.0,POINT (657767.1759710683 5586013.416827675),657767.176,5586013.417
618,18.0,POINT (654964.3042179397 5585962.923418592),654964.304,5585962.923
619,33.0,POINT (646332.4475612378 5586011.977783939),646332.448,5586011.978
620,40.0,POINT (651226.8773580161 5585948.073408288),651226.877,5585948.073
621,40.0,POINT (638319.3212316979 5585939.475281471),638319.321,5585939.475
622,22.0,POINT (654539.560675544 5585941.978917432),654539.561,5585941.979
623,35.0,POINT (654700.7135669607 5585925.925454491),654700.714,5585925.925
624,26.0,POINT (657354.6122923804 5585939.989575863),657354.612,5585939.99
625,24.0,POINT (653719.7933414851 5585911.740605883),653719.793,5585911.741
626,38.0,POINT (654598.723613509 5585874.555913575),654598.724,5585874.556
627,31.0,POINT (654780.0826363668 5585863.594327674),654780.083,5585863.594
628,31.0,POINT (660134.7541658499 5585878.908619612),660134.754,5585878.909
629,26.0,POINT (654749.900601231 5585809.836516346),654749.901,5585809.837
630,35.0,POINT (662051.0443250136 5585797.558106607),662051.044,5585797.558
631,38.0,POINT (653592.2525621851 5585753.218611769),653592.253,5585753.219
632,35.0,POINT (655761.1486734615 5585773.009653641),655761.149,5585773.01
633,26.0,POINT (654293.7806958159 5585718.786569055),654293.781,5585718.787
634,37.0,POINT (645988.1682174011 5585693.252848781),645988.168,5585693.253
635,40.0,POINT (653434.1736338215 5585711.477585933),653434.174,5585711.478
636,18.0,POINT (661488.1285344111 5585655.267568236),661488.129,5585655.268
637,40.0,POINT (661923.4388151154 5585645.361276329),661923.439,5585645.361
638,39.0,POINT (654878.7587980145 5585573.85909301),654878.759,5585573.859
639,35.0,POINT (657618.4300192604 5585551.962757244),657618.43,5585551.963
640,38.0,POINT (639473.958360728 5585467.586665274),639473.958,5585467.587
641,32.0,POINT (654609.3919816427 5585453.002054825),654609.392,5585453.002
642,22.0,POINT (657330.8695848592 5585473.145266297),657330.87,5585473.145
643,37.0,POINT (642080.3249376663 5585502.692847193),642080.325,5585502.693
644,37.0,POINT (641763.3829017723 5585872.960744685),641763.383,5585872.961
645,37.0,POINT (641815.7607639818 5585836.619162205),641815.761,5585836.619
646,35.0,POINT (651173.3751587245 5585352.420710929),651173.375,5585352.421
647,24.0,POINT (653143.559752087 5585509.055674652),653143.56,5585509.056
648,35.0,POINT (639794.8937578363 5585440.551934269),639794.894,5585440.552
649,31.0,POINT (652695.6598524307 5585288.978185188),652695.66,5585288.978
650,37.0,POINT (653777.9554046181 5585379.475913825),653777.955,5585379.476
651,31.0,POINT (655390.1203020017 5585264.577212502),655390.12,5585264.577
652,31.0,POINT (656739.9431778633 5585237.523824609),656739.943,5585237.524
653,39.0,POINT (661361.5194483643 5585261.045618614),661361.519,5585261.046
654,39.0,POINT (659299.9510612123 5585262.014898079),659299.951,5585262.015
655,40.0,POINT (661750.1772235201 5585122.152880037),661750.177,5585122.153
656,27.0,POINT (641003.876646466 5585135.891542427),641003.877,5585135.892
657,31.0,POINT (654643.8634179522 5585113.251250848),654643.863,5585113.251
658,33.0,POINT (656872.7913827905 5585100.376967966),656872.791,5585100.377
659,35.0,POINT (651483.4703554125 5585017.047745815),651483.47,5585017.048
660,40.0,POINT (651111.604346285 5585008.492500011),651111.604,5585008.493
661,35.0,POINT (651531.0044089662 5585014.672510358),651531.004,5585014.673
662,40.0,POINT (659606.1128985947 5584918.742473477),659606.113,5584918.742
663,38.0,POINT (660031.0640311631 5584952.913698404),660031.064,5584952.914
664,35.0,POINT (653742.0709103366 5584926.188286526),653742.071,5584926.188
665,27.0,POINT (657023.6484571552 5584990.267559226),657023.648,5584990.268
666,37.0,POINT (653316.1992916141 5584834.231980238),653316.199,5584834.232
667,33.0,POINT (644248.6930339257 5584779.642368451),644248.693,5584779.642
668,40.0,POINT (653492.7265153205 5584679.137174687),653492.727,5584679.137
669,40.0,POINT (648098.4334604545 5584737.177149127),648098.433,5584737.177
670,33.0,POINT (652171.9184639223 5584666.2479954),652171.918,5584666.248
671,35.0,POINT (660213.6869030277 5584619.696726312),660213.687,5584619.697
672,37.0,POINT (652450.9657789066 5585059.173891998),652450.966,5585059.174
673,40.0,POINT (652664.1864085863 5584593.657620269),652664.186,5584593.658
674,35.0,POINT (654650.995566922 5584527.702000869),654650.996,5584527.702
675,35.0,POINT (651204.0819162143 5584408.022587299),651204.082,5584408.023
676,32.0,POINT (660631.1512135065 5584341.598189127),660631.151,5584341.598
677,37.0,POINT (659636.5122235734 5584310.535212943),659636.512,5584310.535
678,39.0,POINT (658926.8860792244 5584247.558110879),658926.886,5584247.558
679,40.0,POINT (652421.1135249967 5584197.620147706),652421.114,5584197.62
680,37.0,POINT (648827.7989173234 5584149.473191279),648827.799,5584149.473
681,40.0,POINT (655491.6489653972 5584195.769661305),655491.649,5584195.77
682,40.0,POINT (639603.8886576841 5584036.620298307),639603.889,5584036.62
683,26.0,POINT (655057.7259595471 5584045.606291448),655057.726,5584045.606
684,33.0,POINT (659679.9444687117 5584011.928086534),659679.944,5584011.928
685,35.0,POINT (653083.8571788276 5584181.067962139),653083.857,5584181.068
686,33.0,POINT (647985.9819008139 5583857.985931177),647985.982,5583857.986
687,38.0,POINT (660088.3955586599 5583784.706131854),660088.396,5583784.706
688,31.0,POINT (658320.6304205222 5583740.918434448),658320.63,5583740.918
689,40.0,POINT (639553.6440774929 5583777.231300781),639553.644,5583777.231
690,39.0,POINT (653397.3227616138 5583761.186103766),653397.323,5583761.186
691,38.0,POINT (658563.8209174759 5583776.761950182),658563.821,5583776.762
692,37.0,POINT (659938.5424164976 5583744.053824846),659938.542,5583744.054
693,26.0,POINT (659481.1554135623 5583693.389949551),659481.155,5583693.39
694,27.0,POINT (660525.610435701 5583695.102878775),660525.61,5583695.103
695,40.0,POINT (659980.9527341368 5583724.734157494),659980.953,5583724.734
696,35.0,POINT (640803.5726855686 5583687.03341525),640803.573,5583687.033
697,40.0,POINT (656763.1334634817 5583604.644038999),656763.133,5583604.644
698,40.0,POINT (642078.6589144382 5583912.316908102),642078.659,5583912.317
699,40.0,POINT (642506.9722982469 5583702.720939725),642506.972,5583702.721
700,40.0,POINT (653179.9110180804 5583594.529600372),653179.911,5583594.53
701,24.0,POINT (661098.5654406649 5583588.163124575),661098.565,5583588.163
702,37.0,POINT (657872.0857897367 5583556.368995126),657872.086,5583556.369
703,37.0,POINT (648178.9597990928 5583488.857855729),648178.96,5583488.858
704,32.0,POINT (662064.502777625 5583456.432103604),662064.503,5583456.432
705,40.0,POINT (638504.6942177108 5583418.542367993),638504.694,5583418.542
706,24.0,POINT (651558.3576318835 5583422.23099234),651558.358,5583422.231
707,31.0,POINT (654010.3655795689 5583386.870555189),654010.366,5583386.871
708,37.0,POINT (643806.9799266905 5583369.779054312),643806.98,5583369.779
709,40.0,POINT (640212.7901878976 5583307.95578185),640212.79,5583307.956
710,40.0,POINT (644493.2616423721 5583336.525976119),644493.262,5583336.526
711,38.0,POINT (658849.5056165156 5583237.95536546),658849.506,5583237.955
712,28.0,POINT (658070.856530257 5583197.114402174),658070.857,5583197.114
713,30.0,POINT (658987.1483107585 5583236.736504494),658987.148,5583236.737
714,37.0,POINT (648875.3473480203 5583211.214918885),648875.347,5583211.215
715,31.0,POINT (659685.6812092036 5583120.165360974),659685.681,5583120.165
716,38.0,POINT (643888.5339947484 5583173.65570234),643888.534,5583173.656
717,35.0,POINT (656927.8846758362 5583172.463694682),656927.885,5583172.464
718,27.0,POINT (659789.0000861665 5583208.657251329),659789.0,5583208.657
719,40.0,POINT (662428.8242169761 5583187.293555135),662428.824,5583187.294
720,37.0,POINT (660939.6191958258 5583129.284337979),660939.619,5583129.284
721,35.0,POINT (643847.4151052884 5583107.370411403),643847.415,5583107.37
722,27.0,POINT (652895.068644133 5583069.654352798),652895.069,5583069.654
723,35.0,POINT (660137.0887016464 5583110.492461449),660137.089,5583110.492
724,31.0,POINT (659739.5802841787 5583058.711399743),659739.58,5583058.711
725,38.0,POINT (649584.1172237053 5582977.783780154),649584.117,5582977.784
726,37.0,POINT (653126.2382997526 5583045.600972736),653126.238,5583045.601
727,33.0,POINT (653974.5338380765 5583104.051414329),653974.534,5583104.051
728,33.0,POINT (656925.1082020425 5583124.622228105),656925.108,5583124.622
729,35.0,POINT (653467.1833062384 5583013.914059911),653467.183,5583013.914
730,35.0,POINT (639405.1743557842 5583074.776507247),639405.174,5583074.777
731,37.0,POINT (658918.8598510794 5582863.238999008),658918.86,5582863.239
732,35.0,POINT (662356.5788303817 5583006.510796189),662356.579,5583006.511
733,26.0,POINT (659754.5133420809 5582766.45733172),659754.513,5582766.457
734,39.0,POINT (657421.8430982603 5582750.05717323),657421.843,5582750.057
735,33.0,POINT (660711.8628363826 5582792.368484589),660711.863,5582792.368
736,37.0,POINT (644275.0017054302 5582748.952752165),644275.002,5582748.953
737,40.0,POINT (643862.824586586 5582723.760144345),643862.825,5582723.76
738,40.0,POINT (641217.2557229702 5582664.586865934),641217.256,5582664.587
739,37.0,POINT (650800.1062649159 5582656.152094611),650800.106,5582656.152
740,40.0,POINT (651191.1447470172 5582755.363053321),651191.145,5582755.363
741,35.0,POINT (661893.1386216824 5582648.979784862),661893.139,5582648.98
742,35.0,POINT (658587.919732466 5582610.372975951),658587.92,5582610.373
743,38.0,POINT (642808.2219859448 5582575.826337083),642808.222,5582575.826
744,35.0,POINT (643427.8443465322 5583123.020536887),643427.844,5583123.021
745,40.0,POINT (644102.6294973221 5582550.447930858),644102.629,5582550.448
746,33.0,POINT (660286.3492829476 5582512.903787332),660286.349,5582512.904
747,37.0,POINT (659393.3350340655 5582672.784465026),659393.335,5582672.784
748,31.0,POINT (662492.8267482236 5582453.203502215),662492.827,5582453.204
749,40.0,POINT (660267.1940268499 5582474.760008832),660267.194,5582474.76
750,40.0,POINT (654883.4225726495 5582384.471613926),654883.423,5582384.472
751,37.0,POINT (657155.2211768329 5582398.084395321),657155.221,5582398.084
752,40.0,POINT (643922.866055963 5583042.206299142),643922.866,5583042.206
753,35.0,POINT (642283.4064460644 5582504.729790857),642283.406,5582504.73
754,37.0,POINT (647842.8046405932 5582273.762062577),647842.805,5582273.762
755,40.0,POINT (656924.5081798278 5582254.034841379),656924.508,5582254.035
756,31.0,POINT (662436.9889085561 5582269.406688002),662436.989,5582269.407
757,38.0,POINT (640479.0651886734 5582250.766731754),640479.065,5582250.767
758,37.0,POINT (642623.9498036007 5582239.727540213),642623.95,5582239.728
759,33.0,POINT (656691.8960183235 5582200.518367351),656691.896,5582200.518
760,40.0,POINT (659749.5667119097 5582114.633030392),659749.567,5582114.633
761,35.0,POINT (659102.5419110599 5582014.618386545),659102.542,5582014.618
762,33.0,POINT (652381.0550648663 5581772.995174212),652381.055,5581772.995
763,28.0,POINT (656394.2222660355 5581658.740743615),656394.222,5581658.741
764,39.0,POINT (659728.4934121836 5581585.546053992),659728.493,5581585.546
765,38.0,POINT (656524.841403563 5581581.763789251),656524.841,5581581.764
766,37.0,POINT (660403.0073280204 5581566.559828709),660403.007,5581566.56
767,38.0,POINT (656432.253925915 5581560.003273539),656432.254,5581560.003
768,40.0,POINT (658587.5453934144 5581526.237246421),658587.545,5581526.237
769,38.0,POINT (641931.9883841206 5581430.848598666),641931.988,5581430.849
770,33.0,POINT (641364.6204506577 5581408.389275298),641364.62,5581408.389
771,40.0,POINT (645575.4916776543 5581228.780247209),645575.492,5581228.78
772,40.0,POINT (660340.1183170591 5581447.247292268),660340.118,5581447.247
773,37.0,POINT (660931.1710870001 5581368.295214237),660931.171,5581368.295
774,38.0,POINT (653813.8870582051 5581219.083863246),653813.887,5581219.084
775,37.0,POINT (656103.8274293089 5581158.787488206),656103.827,5581158.787
776,37.0,POINT (640450.9914820268 5581147.160335095),640450.991,5581147.16
777,37.0,POINT (660405.9152946138 5581095.494044681),660405.915,5581095.494
778,35.0,POINT (656035.8167621614 5581381.814944819),656035.817,5581381.815
779,32.0,POINT (656344.2850356341 5580971.317343006),656344.285,5580971.317
780,38.0,POINT (652175.2611724106 5580955.560071206),652175.261,5580955.56
781,38.0,POINT (651975.0468337063 5580916.288420915),651975.047,5580916.288
782,35.0,POINT (651199.4367506562 5580752.766844064),651199.437,5580752.767
783,35.0,POINT (660770.6891025505 5580839.798834368),660770.689,5580839.799
784,35.0,POINT (658401.2931640676 5580799.718532397),658401.293,5580799.719
785,35.0,POINT (650935.365908875 5580733.883889176),650935.366,5580733.884
786,32.0,POINT (660981.2814555694 5581030.903597006),660981.281,5581030.904
787,37.0,POINT (644164.6266393859 5580689.249623428),644164.627,5580689.25
788,37.0,POINT (641524.3236084965 5580700.893626644),641524.324,5580700.894
789,37.0,POINT (641605.379981637 5580645.066856081),641605.38,5580645.067
790,35.0,POINT (661526.708530757 5580565.909339001),661526.709,5580565.909
791,37.0,POINT (661277.7482842816 5580684.882910802),661277.748,5580684.883
792,40.0,POINT (642510.3132326173 5580507.472254209),642510.313,5580507.472
793,38.0,POINT (637975.4452374403 5580502.885361811),637975.445,5580502.885
794,33.0,POINT (640892.8668204346 5580362.528376849),640892.867,5580362.528
795,37.0,POINT (639568.0970991985 5580340.037272651),639568.097,5580340.037
796,38.0,POINT (655722.7315990947 5580239.676558082),655722.732,5580239.677
797,38.0,POINT (639686.5545568644 5580182.993248894),639686.555,5580182.993
798,37.0,POINT (660460.2132329399 5580173.730724791),660460.213,5580173.731
799,37.0,POINT (661901.6852531814 5580167.238653324),661901.685,5580167.239
800,35.0,POINT (638730.9229001445 5580025.357374254),638730.923,5580025.357
801,40.0,POINT (645605.3985698839 5579981.106550191),645605.399,5579981.107
802,40.0,POINT (641925.6996131554 5579933.863200753),641925.7,5579933.863
803,33.0,POINT (660569.7286476555 5579903.172703915),660569.729,5579903.173
804,40.0,POINT (644477.1489867278 5579870.439274589),644477.149,5579870.439
805,40.0,POINT (641511.4054289161 5579780.702806683),641511.405,5579780.703
806,37.0,POINT (646630.9235119873 5579735.65152343),646630.924,5579735.652
807,37.0,POINT (645967.7514101339 5579729.19575884),645967.751,5579729.196
808,35.0,POINT (656556.0570601048 5579590.271376431),656556.057,5579590.271
809,40.0,POINT (662242.9783332442 5579665.636612548),662242.978,5579665.637
810,40.0,POINT (653360.1343613821 5579439.776738572),653360.134,5579439.777
811,35.0,POINT (638525.4689806231 5579321.789053388),638525.469,5579321.789
812,35.0,POINT (661660.4571851054 5579205.432972817),661660.457,5579205.433
813,35.0,POINT (638824.8042669836 5579078.927211337),638824.804,5579078.927
814,37.0,POINT (643730.4311459984 5579036.958453922),643730.431,5579036.958
815,38.0,POINT (646533.8385552805 5579001.01150167),646533.839,5579001.012
816,33.0,POINT (661110.3686935125 5579119.996588515),661110.369,5579119.997
817,37.0,POINT (639556.9439674978 5578716.58363769),639556.944,5578716.584
818,38.0,POINT (639066.2063000849 5578591.976448382),639066.206,5578591.976
819,35.0,POINT (649768.6252506006 5578532.499720383),649768.625,5578532.5
820,37.0,POINT (662465.040509832 5578549.254270634),662465.041,5578549.254
821,32.0,POINT (639788.1802049768 5578442.607227331),639788.18,5578442.607
822,35.0,POINT (646262.8742012975 5578638.055914343),646262.874,5578638.056
823,40.0,POINT (661200.5772531951 5578469.299756679),661200.577,5578469.3
824,37.0,POINT (651212.9856148966 5578457.740614376),651212.986,5578457.741
825,40.0,POINT (652632.1084308007 5578244.740660922),652632.108,5578244.741
826,35.0,POINT (651669.2238258815 5578325.761068833),651669.224,5578325.761
827,40.0,POINT (641934.4815118792 5578222.141346557),641934.482,5578222.141
828,35.0,POINT (641905.6964042023 5578097.056807067),641905.696,5578097.057
829,35.0,POINT (661324.1400460097 5578067.161221513),661324.14,5578067.161
830,38.0,POINT (661461.9530978895 5577963.9975974),661461.953,5577963.998
831,31.0,POINT (656901.1710530642 5578103.455331916),656901.171,5578103.455
832,31.0,POINT (656916.3304520076 5578405.224364624),656916.33,5578405.224
833,31.0,POINT (656960.996854516 5578328.804224622),656960.997,5578328.804
834,38.0,POINT (638013.859367964 5577945.9444999),638013.859,5577945.944
835,35.0,POINT (645718.3247351862 5577912.654931844),645718.325,5577912.655
836,35.0,POINT (655948.822583402 5577895.603989568),655948.823,5577895.604
837,37.0,POINT (662405.4495793658 5577808.982339598),662405.45,5577808.982
838,33.0,POINT (643004.2878554532 5577695.802237),643004.288,5577695.802
839,38.0,POINT (657105.9164839782 5577793.182575639),657105.916,5577793.183
840,40.0,POINT (655223.6272039497 5577773.833713579),655223.627,5577773.834
841,35.0,POINT (639033.600152623 5577724.647743592),639033.6,5577724.648
842,40.0,POINT (655483.0844663412 5577379.040551701),655483.084,5577379.041
843,34.0,POINT (642794.8019885801 5577513.189712105),642794.802,5577513.19
844,33.0,POINT (646905.2143242507 5577469.910580219),646905.214,5577469.911
845,38.0,POINT (656289.3351486278 5577541.804095112),656289.335,5577541.804
846,40.0,POINT (643343.5666744779 5577375.924808811),643343.567,5577375.925
847,40.0,POINT (656163.6161929835 5577361.694149058),656163.616,5577361.694
848,40.0,POINT (643385.1048064942 5577361.161884076),643385.105,5577361.162
849,37.0,POINT (649093.6952322092 5577556.197062997),649093.695,5577556.197
850,37.0,POINT (641950.7315663045 5577257.10352268),641950.732,5577257.104
851,40.0,POINT (642007.142507089 5577295.062110033),642007.143,5577295.062
852,35.0,POINT (641458.1025510728 5577116.108072383),641458.103,5577116.108
853,35.0,POINT (638687.1581321741 5577015.346341589),638687.158,5577015.346
854,40.0,POINT (641823.5492548619 5577081.146430925),641823.549,5577081.146
855,40.0,POINT (654481.9044137918 5576967.617994789),654481.904,5576967.618
856,37.0,POINT (649310.4529084339 5576950.388904148),649310.453,5576950.389
857,37.0,POINT (654348.0707697747 5576934.025549141),654348.071,5576934.026
858,33.0,POINT (661234.0776851574 5576802.785720047),661234.078,5576802.786
859,33.0,POINT (638033.7537373431 5576768.995932147),638033.754,5576768.996
860,35.0,POINT (656531.0536845049 5577163.952349621),656531.054,5577163.952
861,35.0,POINT (656529.1536109255 5577049.143956149),656529.154,5577049.144
862,35.0,POINT (656772.6585500308 5576744.576434543),656772.659,5576744.576
863,35.0,POINT (656725.2407063349 5576966.941168071),656725.241,5576966.941
864,31.0,POINT (656704.4373927236 5576560.045315537),656704.437,5576560.045
865,31.0,POINT (639667.5444888364 5576405.153209638),639667.544,5576405.153
866,38.0,POINT (643949.3181121955 5576340.178973487),643949.318,5576340.179
867,38.0,POINT (646696.5848315764 5576339.839535919),646696.585,5576339.84
868,40.0,POINT (645424.3363141558 5576346.826843256),645424.336,5576346.827
869,40.0,POINT (643901.3964482385 5576306.276414234),643901.396,5576306.276
870,33.0,POINT (639371.8812648079 5576329.812351049),639371.881,5576329.812
871,38.0,POINT (651593.1078917038 5576178.488484724),651593.108,5576178.488
872,40.0,POINT (647407.0358946985 5576206.211563277),647407.036,5576206.212
873,37.0,POINT (660041.5235937809 5576149.504286949),660041.524,5576149.504
874,35.0,POINT (656380.101251727 5576172.844334406),656380.101,5576172.844
875,40.0,POINT (653588.6773064858 5576105.684426649),653588.677,5576105.684
876,33.0,POINT (661591.6432925783 5576065.01636677),661591.643,5576065.016
877,35.0,POINT (644971.1273193716 5576040.41853917),644971.127,5576040.419
878,37.0,POINT (655400.0878592228 5576127.103470713),655400.088,5576127.103
879,40.0,POINT (643576.8889662833 5576018.436299957),643576.889,5576018.436
880,21.0,POINT (650281.8178992278 5576043.644598139),650281.818,5576043.645
881,38.0,POINT (645672.6603843495 5576011.399095507),645672.66,5576011.399
882,37.0,POINT (647582.6287034076 5576000.148801198),647582.629,5576000.149
883,37.0,POINT (639067.7559480192 5575962.432934215),639067.756,5575962.433
884,38.0,POINT (639138.7971839098 5575866.303208076),639138.797,5575866.303
885,38.0,POINT (640620.9755950889 5575883.205309367),640620.976,5575883.205
886,28.0,POINT (646057.5380837095 5575857.028488937),646057.538,5575857.028
887,37.0,POINT (638914.9207055559 5575875.840531051),638914.921,5575875.841
888,37.0,POINT (651315.7538857191 5575804.694563917),651315.754,5575804.695
889,38.0,POINT (653698.2130763722 5575761.357516098),653698.213,5575761.358
890,40.0,POINT (653591.4204664443 5575739.521086337),653591.42,5575739.521
891,40.0,POINT (656601.0617161572 5575725.324330681),656601.062,5575725.324
892,33.0,POINT (644533.8965016716 5575515.043619258),644533.897,5575515.044
893,38.0,POINT (650095.025133639 5575446.647601729),650095.025,5575446.648
894,38.0,POINT (662081.6279187676 5575341.26595843),662081.628,5575341.266
895,40.0,POINT (662389.4209546568 5575360.238472674),662389.421,5575360.238
896,37.0,POINT (653694.7584572204 5575313.504140918),653694.758,5575313.504
897,33.0,POINT (651789.2530209272 5575123.993397227),651789.253,5575123.993
898,40.0,POINT (644514.2394430502 5575118.360262144),644514.239,5575118.36
899,40.0,POINT (657090.9608413578 5575447.724758947),657090.961,5575447.725
900,40.0,POINT (656963.8391160598 5575296.027128624),656963.839,5575296.027
901,38.0,POINT (644261.6289591675 5575283.054797056),644261.629,5575283.055
902,37.0,POINT (638369.4969231876 5575002.629472488),638369.497,5575002.629
903,37.0,POINT (660646.1185550765 5574986.831076785),660646.119,5574986.831
904,40.0,POINT (641368.704764399 5574934.488491633),641368.705,5574934.488
905,35.0,POINT (659952.7331389433 5574938.131637526),659952.733,5574938.132
906,37.0,POINT (649243.3622857482 5574829.027070077),649243.362,5574829.027
907,38.0,POINT (639500.7049861099 5574777.778961015),639500.705,5574777.779
908,40.0,POINT (643130.9760375939 5574784.303768761),643130.976,5574784.304
909,38.0,POINT (651734.9460038323 5574670.742157052),651734.946,5574670.742
910,33.0,POINT (654673.2537327677 5574672.638673333),654673.254,5574672.639
911,33.0,POINT (646919.3774309742 5574517.727687187),646919.377,5574517.728
912,38.0,POINT (641797.4543466092 5574500.381820081),641797.454,5574500.382
913,40.0,POINT (652503.975795718 5574394.913225226),652503.976,5574394.913
914,37.0,POINT (644434.1020641862 5574480.278008273),644434.102,5574480.278
915,27.0,POINT (650785.3221823379 5574452.977263195),650785.322,5574452.977
916,40.0,POINT (653412.9390435803 5574384.884999234),653412.939,5574384.885
917,40.0,POINT (656808.7326609046 5574755.475744251),656808.733,5574755.476
918,40.0,POINT (657623.9263808283 5574239.877218498),657623.926,5574239.877
919,38.0,POINT (642506.5838527372 5574392.204851875),642506.584,5574392.205
920,40.0,POINT (655715.4281486627 5574142.230658984),655715.428,5574142.231
921,37.0,POINT (660602.4781360039 5574298.719662838),660602.478,5574298.72
922,33.0,POINT (650261.5385848936 5574008.157613753),650261.539,5574008.158
923,38.0,POINT (654757.5749082845 5573751.290988076),654757.575,5573751.291
924,37.0,POINT (650245.293434941 5573778.648573862),650245.293,5573778.649
925,35.0,POINT (639486.3521276723 5573698.521267151),639486.352,5573698.521
926,19.0,POINT (641759.8337791313 5573705.887143181),641759.834,5573705.887
927,40.0,POINT (657834.0509569208 5573789.583208365),657834.051,5573789.583
928,37.0,POINT (649502.551437268 5573900.744849899),649502.551,5573900.745
929,37.0,POINT (654484.9616689762 5573554.641869192),654484.962,5573554.642
930,35.0,POINT (652413.062871938 5573594.432281485),652413.063,5573594.432
931,38.0,POINT (650614.3646548613 5573530.92646329),650614.365,5573530.926
932,33.0,POINT (648090.5552043666 5573356.872177185),648090.555,5573356.872
933,40.0,POINT (661980.8807107116 5573313.168049208),661980.881,5573313.168
934,37.0,POINT (654459.6534511473 5573338.662120058),654459.653,5573338.662
935,37.0,POINT (640531.9866915799 5573208.891207008),640531.987,5573208.891
936,35.0,POINT (652664.521476969 5573093.855227958),652664.521,5573093.855
937,38.0,POINT (651468.3622453603 5573223.33017564),651468.362,5573223.33
938,37.0,POINT (650934.0905643769 5572792.942737384),650934.091,5572792.943
939,35.0,POINT (639670.1341693703 5572772.839023509),639670.134,5572772.839
940,37.0,POINT (657327.587133043 5572805.487014218),657327.587,5572805.487
941,37.0,POINT (647057.4382509985 5572742.713403995),647057.438,5572742.713
942,38.0,POINT (647762.5709975092 5572732.433221591),647762.571,5572732.433
943,40.0,POINT (646695.4643557598 5572693.146130181),646695.464,5572693.146
944,40.0,POINT (645518.0651416592 5572507.388008494),645518.065,5572507.388
945,38.0,POINT (649628.344379501 5572497.217691212),649628.344,5572497.218
946,22.0,POINT (656182.4590759713 5572436.22038692),656182.459,5572436.22
947,26.0,POINT (642882.3325360686 5572424.226143449),642882.333,5572424.226
948,37.0,POINT (654100.2869151998 5572411.365140354),654100.287,5572411.365
949,35.0,POINT (661111.1202203678 5572378.608606469),661111.12,5572378.609
950,37.0,POINT (643378.1176009227 5572345.334838532),643378.118,5572345.335
951,35.0,POINT (638634.9345290222 5572542.723792201),638634.935,5572542.724
952,39.0,POINT (638790.5725388866 5572231.922334053),638790.573,5572231.922
953,35.0,POINT (654366.8119248364 5572263.289634488),654366.812,5572263.29
954,37.0,POINT (662637.525047639 5572232.563126164),662637.525,5572232.563
955,38.0,POINT (639554.6017643234 5572185.127925411),639554.602,5572185.128
956,38.0,POINT (643730.1557816478 5572039.607684702),643730.156,5572039.608
957,33.0,POINT (638405.4297482859 5572118.857926299),638405.43,5572118.858
958,40.0,POINT (662472.6224512922 5572079.40814728),662472.622,5572079.408
959,38.0,POINT (662624.7173514022 5572088.244909444),662624.717,5572088.245
960,40.0,POINT (651353.7387753552 5572045.708535677),651353.739,5572045.709
961,40.0,POINT (644405.1687255683 5571976.488682014),644405.169,5571976.489
962,40.0,POINT (638417.9252517765 5571918.936652883),638417.925,5571918.937
963,40.0,POINT (653337.2056227527 5571888.90477971),653337.206,5571888.905
964,40.0,POINT (643028.576470145 5571772.539894658),643028.576,5571772.54
965,33.0,POINT (649585.1051761423 5571739.098874831),649585.105,5571739.099
966,38.0,POINT (642788.0324945982 5571808.600747216),642788.032,5571808.601
967,37.0,POINT (660601.3741378492 5571802.534833423),660601.374,5571802.535
968,31.0,POINT (639519.2749023581 5571659.827613826),639519.275,5571659.828
969,38.0,POINT (650179.6773973347 5571657.263425022),650179.677,5571657.263
970,32.0,POINT (643892.6912409948 5571601.463902704),643892.691,5571601.464
971,40.0,POINT (655178.5693087584 5571468.087651563),655178.569,5571468.088
972,37.0,POINT (648006.2523446728 5571445.731361527),648006.252,5571445.731
973,37.0,POINT (649641.4849866292 5571272.480300667),649641.485,5571272.48
974,40.0,POINT (643519.6791336188 5571149.09280438),643519.679,5571149.093
975,38.0,POINT (643074.1881587406 5571155.899570531),643074.188,5571155.9
976,35.0,POINT (648073.3634285935 5571132.138327925),648073.363,5571132.138
977,40.0,POINT (645129.2542529928 5571100.657815691),645129.254,5571100.658
978,37.0,POINT (655468.397347066 5571042.765369498),655468.397,5571042.765
979,38.0,POINT (655941.1101771502 5571343.066294275),655941.11,5571343.066
980,38.0,POINT (648800.5296738297 5570942.289535215),648800.53,5570942.29
981,40.0,POINT (641868.8406900109 5570918.144370149),641868.841,5570918.144
982,35.0,POINT (651719.9176769834 5570878.67878168),651719.918,5570878.679
983,40.0,POINT (643400.1192862536 5570880.956803809),643400.119,5570880.957
984,32.0,POINT (649991.615643212 5570847.760632236),649991.616,5570847.761
985,38.0,POINT (651272.4656121331 5570915.007679727),651272.466,5570915.008
986,40.0,POINT (646353.3777985594 5570782.9493334),646353.378,5570782.949
987,37.0,POINT (649275.8727008925 5570791.398092718),649275.873,5570791.398
988,38.0,POINT (647848.007082521 5570521.566972195),647848.007,5570521.567
